,dG_separated/dSASAx100,H0_count,H0_sum_persistence,H0_mean_persistence,H0_max_persistence,H0_birth_mean,H0_death_mean,H1_count,H1_sum_persistence,H1_mean_persistence,H1_max_persistence,H1_birth_mean,H1_death_mean,H2_count,H2_sum_persistence,H2_mean_persistence,H2_max_persistence,H2_birth_mean,H2_death_mean,H1H2_sum_persistence,H1H2_count,n_interface_points
dG_separated/dSASAx100,1.0,0.7637536659404301,0.7533329647596754,-0.5437077786433122,-0.6767890517400028,,-0.5437077786433122,0.48687311845073206,0.5535721388742065,0.125098258220449,-0.4368198874139259,-0.5806638231782728,-0.5983714039529907,0.054316310433963476,0.23685904135585412,0.3155822793151867,-0.11322383926313742,-0.4888259964746507,-0.4925552053034586,0.5211268365755259,0.4280428988271642,0.7637536659404301
H0_count,0.7637536659404301,1.0,0.994482425189249,-0.5962685121961244,-0.5456845448885452,,-0.5962685121961244,0.7030370281193224,0.7449586916611015,0.07277146271751948,-0.45110038441906,-0.7385307396789513,-0.7851091379856383,0.2863235153989088,0.4823497379004187,0.45215614541227295,0.057589412845791714,-0.7215973091974383,-0.7187186983951039,0.7492859867999209,0.7285422553827511,1.0
H0_sum_persistence,0.7533329647596754,0.994482425189249,1.0,-0.526324726288023,-0.5296421734092582,,-0.526324726288023,0.701505261935487,0.7526851008110073,0.07937617440476331,-0.46076448344626214,-0.7266955033291203,-0.7682622809601878,0.30437072041514446,0.5129998372998092,0.48091964689491357,0.057421765892755744,-0.7238536029021818,-0.7134873730481732,0.7655135278422827,0.7362867415755301,0.994482425189249
H0_mean_persistence,-0.5437077786433122,-0.5962685121961244,-0.526324726288023,1.0,0.4739036511950714,,1.0,-0.441193220951355,-0.38677620093215875,0.017589777172217796,0.18596279006502,0.5880883588900315,0.6634036684433928,-0.031237074223999635,-0.05307589991282455,-0.045461935154783965,0.02108074627937897,0.3895770355383587,0.44406185519619495,-0.3160199348654924,-0.3655557341764148,-0.5962685121961244
H0_max_persistence,-0.6767890517400028,-0.5456845448885452,-0.5296421734092582,0.4739036511950714,1.0,,0.4739036511950714,-0.4579692181012878,-0.26040569708072536,0.2103284863945271,0.5691242015855382,0.2151452121015849,0.3138809034820112,0.1724763330147972,0.09058683683009104,-0.026102929719810947,0.0662645144332572,0.22149569908693073,0.26495337583774375,-0.1877267326009154,-0.2974934423305569,-0.5456845448885452
H0_birth_mean,,,,,,,,,,,,,,,,,,,,,,
H0_death_mean,-0.5437077786433122,-0.5962685121961244,-0.526324726288023,1.0,0.4739036511950714,,1.0,-0.441193220951355,-0.38677620093215875,0.017589777172217796,0.18596279006502,0.5880883588900315,0.6634036684433928,-0.031237074223999635,-0.05307589991282455,-0.045461935154783965,0.02108074627937897,0.3895770355383587,0.44406185519619495,-0.3160199348654924,-0.3655557341764148,-0.5962685121961244
H1_count,0.48687311845073206,0.7030370281193224,0.701505261935487,-0.441193220951355,-0.4579692181012878,,-0.441193220951355,1.0,0.7041969820828405,-0.3140779949319556,-0.5342334341665693,-0.4094434091140154,-0.5322520547470866,0.08733805755542565,0.18959268227785683,0.1977489572668157,0.21237421520659802,-0.4432143049871574,-0.465338106110411,0.6442113973831802,0.8978051558324615,0.7030370281193224
H1_sum_persistence,0.5535721388742065,0.7449586916611015,0.7526851008110073,-0.38677620093215875,-0.26040569708072536,,-0.38677620093215875,0.7041969820828405,1.0,0.38645614106451676,-0.20032456737123805,-0.7197211303496451,-0.6358358248775033,0.22311410330566858,0.48429746336234764,0.5398088782491471,0.15863063683344947,-0.6096098238143091,-0.5732603343470327,0.9620002929785321,0.7116451024729111,0.7449586916611015
H1_mean_persistence,0.125098258220449,0.07277146271751948,0.07937617440476331,0.017589777172217796,0.2103284863945271,,0.017589777172217796,-0.3140779949319556,0.38645614106451676,1.0,0.42043939035048555,-0.4106331973011829,-0.14163353289018998,0.1860448117933013,0.368406813217648,0.4236945976161534,-0.06255164620438312,-0.20431525302836262,-0.12921455574857918,0.4201541951705511,-0.18458207267801965,0.07277146271751948
H1_max_persistence,-0.4368198874139259,-0.45110038441906,-0.46076448344626214,0.18596279006502,0.5691242015855382,,0.18596279006502,-0.5342334341665693,-0.20032456737123805,0.42043939035048555,1.0,0.1004553487386404,0.22798626652925905,0.05408198085775308,0.07786257142516934,0.07653509245543894,0.10589224386149268,0.10090565157152197,0.13835219243642166,-0.14733214094068844,-0.4098053143991671,-0.45110038441906
H1_birth_mean,-0.5806638231782728,-0.7385307396789513,-0.7266955033291203,0.5880883588900315,0.2151452121015849,,0.5880883588900315,-0.4094434091140154,-0.7197211303496451,-0.4106331973011829,0.1004553487386404,1.0,0.942583027302917,-0.25696675063187685,-0.565550902709389,-0.6066533819884357,0.0019099782660704564,0.7157765173306132,0.6651032143333552,-0.7481970420262108,-0.458770927645255,-0.7385307396789513
H1_death_mean,-0.5983714039529907,-0.7851091379856383,-0.7682622809601878,0.6634036684433928,0.3138809034820112,,0.6634036684433928,-0.5322520547470866,-0.6358358248775033,-0.14163353289018998,0.22798626652925905,0.942583027302917,1.0,-0.2278093127189599,-0.5069639772634962,-0.5329539944273745,-0.03418988419837775,0.7147113682986859,0.6828864026040999,-0.6582456569882698,-0.5484424224907438,-0.7851091379856383
H2_count,0.054316310433963476,0.2863235153989088,0.30437072041514446,-0.031237074223999635,0.1724763330147972,,-0.031237074223999635,0.08733805755542565,0.22311410330566858,0.1860448117933013,0.05408198085775308,-0.25696675063187685,-0.2278093127189599,1.0,0.7725568939887829,0.18246889880176828,-0.055098651652837144,-0.24630641897092662,-0.22881387564040237,0.399807407487354,0.46688660523655684,0.2863235153989088
H2_sum_persistence,0.23685904135585412,0.4823497379004187,0.5129998372998092,-0.05307589991282455,0.09058683683009104,,-0.05307589991282455,0.18959268227785683,0.48429746336234764,0.368406813217648,0.07786257142516934,-0.565550902709389,-0.5069639772634962,0.7725568939887829,1.0,0.7327016469420919,0.1335131237893982,-0.577195936702939,-0.4806214135728254,0.6791022218554533,0.4890415201524399,0.4823497379004187
H2_mean_persistence,0.3155822793151867,0.45215614541227295,0.48091964689491357,-0.045461935154783965,-0.026102929719810947,,-0.045461935154783965,0.1977489572668157,0.5398088782491471,0.4236945976161534,0.07653509245543894,-0.6066533819884357,-0.5329539944273745,0.18246889880176828,0.7327016469420919,1.0,0.2804596376949315,-0.6499368813935903,-0.5128302316790003,0.650922943258467,0.27702420799112376,0.45215614541227295
H2_max_persistence,-0.11322383926313742,0.057589412845791714,0.057421765892755744,0.02108074627937897,0.0662645144332572,,0.02108074627937897,0.21237421520659802,0.15863063683344947,-0.06255164620438312,0.10589224386149268,0.0019099782660704564,-0.03418988419837775,-0.055098651652837144,0.1335131237893982,0.2804596376949315,1.0,-0.2884429364427628,-0.26581583980617285,0.1681825232230312,0.17272389106591501,0.057589412845791714
H2_birth_mean,-0.4888259964746507,-0.7215973091974383,-0.7238536029021818,0.3895770355383587,0.22149569908693073,,0.3895770355383587,-0.4432143049871574,-0.6096098238143091,-0.20431525302836262,0.10090565157152197,0.7157765173306132,0.7147113682986859,-0.24630641897092662,-0.577195936702939,-0.6499368813935903,-0.2884429364427628,1.0,0.9781076163572168,-0.651166773498659,-0.4910186740631355,-0.7215973091974383
H2_death_mean,-0.4925552053034586,-0.7187186983951039,-0.7134873730481732,0.44406185519619495,0.26495337583774375,,0.44406185519619495,-0.465338106110411,-0.5732603343470327,-0.12921455574857918,0.13835219243642166,0.6651032143333552,0.6828864026040999,-0.22881387564040237,-0.4806214135728254,-0.5128302316790003,-0.26581583980617285,0.9781076163572168,1.0,-0.589177487791822,-0.49509191048469364,-0.7187186983951039
H1H2_sum_persistence,0.5211268365755259,0.7492859867999209,0.7655135278422827,-0.3160199348654924,-0.1877267326009154,,-0.3160199348654924,0.6442113973831802,0.9620002929785321,0.4201541951705511,-0.14733214094068844,-0.7481970420262108,-0.6582456569882698,0.399807407487354,0.6791022218554533,0.650922943258467,0.1681825232230312,-0.651166773498659,-0.589177487791822,1.0,0.737240377163586,0.7492859867999209
H1H2_count,0.4280428988271642,0.7285422553827511,0.7362867415755301,-0.3655557341764148,-0.2974934423305569,,-0.3655557341764148,0.8978051558324615,0.7116451024729111,-0.18458207267801965,-0.4098053143991671,-0.458770927645255,-0.5484424224907438,0.46688660523655684,0.4890415201524399,0.27702420799112376,0.17272389106591501,-0.4910186740631355,-0.49509191048469364,0.737240377163586,1.0,0.7285422553827511
n_interface_points,0.7637536659404301,1.0,0.994482425189249,-0.5962685121961244,-0.5456845448885452,,-0.5962685121961244,0.7030370281193224,0.7449586916611015,0.07277146271751948,-0.45110038441906,-0.7385307396789513,-0.7851091379856383,0.2863235153989088,0.4823497379004187,0.45215614541227295,0.057589412845791714,-0.7215973091974383,-0.7187186983951039,0.7492859867999209,0.7285422553827511,1.0
