,score,quality_rank
H0_count,0.7618117542932424,0.7618117542932424
H0_sum_persistence,0.7519281178505127,0.7519281178505127
H0_mean_persistence,-0.5363557092430343,-0.5363557092430343
H0_max_persistence,-0.6766244402367856,-0.6766244402367856
H0_birth_mean,,
H0_death_mean,-0.5363557092430343,-0.5363557092430343
H1_count,0.4959050471961429,0.4959050471961429
H1_sum_persistence,0.5528258030628304,0.5528258030628304
H1_mean_persistence,0.10949972242590007,0.10949972242590007
H1_max_persistence,-0.4386675090290348,-0.4386675090290348
H1_birth_mean,-0.5714219501621937,-0.5714219501621937
H1_death_mean,-0.5899668852376395,-0.5899668852376395
H2_count,0.056857367505920964,0.056857367505920964
H2_sum_persistence,0.23134503207772358,0.23134503207772358
H2_mean_persistence,0.3076551669461037,0.3076551669461037
H2_max_persistence,-0.1152232407285011,-0.1152232407285011
H2_birth_mean,-0.4903222861376404,-0.4903222861376404
H2_death_mean,-0.49849880645006484,-0.49849880645006484
H1H2_sum_persistence,0.5203383284500412,0.5203383284500412
H1H2_count,0.4372083095301284,0.4372083095301284
n_interface_points,0.7618117542932424,0.7618117542932424
