,score,ll,quality_rank
H0_count,0.6618109507776699,-0.04067524240006228,0.5272274775195142
H0_sum_persistence,0.6695548419658335,-0.048938129014709265,0.5364871400644986
H0_mean_persistence,-0.5419659853235391,0.026054024647961,-0.43703267961460096
H0_max_persistence,-0.3844348737530865,0.1570589919057263,-0.34879441912622966
H0_birth_mean,,,
H0_death_mean,-0.5419659853235391,0.026054024647961,-0.43703267961460096
H1_count,0.46498026642148904,-0.01693797666845322,0.3548038071973427
H1_sum_persistence,0.572343088881098,-0.07949490511162723,0.4796542239684375
H1_mean_persistence,0.1473482021062569,-0.04409850814972904,0.14329118917797715
H1_max_persistence,-0.26896481373838665,0.0656957840630475,-0.24583232576880068
H1_birth_mean,-0.32796517033492645,-0.1259473144602766,-0.1589429734327742
H1_death_mean,-0.2856719898549059,-0.15877848220450694,-0.10048946231347698
H2_count,0.4427016690723468,-0.05038210175427984,0.3365245565633579
H2_sum_persistence,0.2888021831957316,-0.18515682212876364,0.31866638855417856
H2_mean_persistence,-0.02683680467207956,-0.14349590944280544,0.08919348549669924
H2_max_persistence,0.23902592891850857,-0.10790308321493695,0.3114594303167213
H2_birth_mean,-0.2509992399546228,0.06578996924235767,-0.24105381965856232
H2_death_mean,-0.2935382745239128,0.0037976272675914885,-0.23319178627175743
H1H2_sum_persistence,0.5266958309108745,-0.11368401230305693,0.46264583301998125
H1H2_count,0.4861977494822167,-0.032612797396592265,0.3686976833713953
n_interface_points,0.6618109507776699,-0.04067524240006228,0.5272274775195142
