,total_score,H0_count,H0_sum_persistence,H0_mean_persistence,H0_max_persistence,H0_birth_mean,H0_death_mean,H1_count,H1_sum_persistence,H1_mean_persistence,H1_max_persistence,H1_birth_mean,H1_death_mean,H2_count,H2_sum_persistence,H2_mean_persistence,H2_max_persistence,H2_birth_mean,H2_death_mean,H1H2_sum_persistence,H1H2_count,n_interface_points
total_score,1.0,0.11081770619777141,0.04740406320541761,-0.3002257336343115,-0.5425131677953349,,-0.3002257336343115,-0.13081261264500207,0.12415349887133183,0.07298720842738901,0.36644093303235514,0.45372460496614,0.5831452219714071,-0.08704017369285443,0.4055680963130173,0.48081264108352145,0.45372460496614,0.2626034612490594,0.5079006772009029,0.21745673438675697,-0.2259043869827668,0.11081770619777141
H0_count,0.11081770619777141,1.0,0.9302216213681542,-0.5371018752943082,-0.28311092824248174,,-0.5371018752943082,0.11024322169672425,0.24590206338775555,0.04044441832035453,-0.13103991535794868,-0.14802657105249759,-0.02345776262580563,0.3132343268195776,0.5346752101950869,0.29847980720421646,0.2086931985330294,-0.05338663218286798,0.1900887661056663,0.46996414088251964,0.2704847344765555,1.0
H0_sum_persistence,0.04740406320541761,0.9302216213681542,1.0,-0.23551542513167795,-0.0835214446952596,,-0.23551542513167795,0.14211740633037262,0.22498118886380739,0.011286681715575621,-0.12415349887133183,0.012791572610985704,0.07298720842738901,0.3780030400375392,0.5756207674943566,0.36042136945071485,0.2686230248306998,-0.023325808878856283,0.2234762979683973,0.43115124153498874,0.3061393933938874,0.9302216213681542
H0_mean_persistence,-0.3002257336343115,-0.5371018752943082,-0.23551542513167795,1.0,0.6072234762979684,,1.0,0.027454498950185622,-0.1708051166290444,-0.11361926260346125,0.06395786305492852,0.2746425884123401,0.024830699774266364,0.014921172633060758,-0.14672686230248308,-0.06395786305492852,0.01580135440180587,0.13920240782543267,-0.02784048156508653,-0.27012791572610984,-0.01635859354013139,-0.5371018752943082
H0_max_persistence,-0.5425131677953349,-0.28311092824248174,-0.0835214446952596,0.6072234762979684,1.0,,0.6072234762979684,-0.055716483163611996,0.19187358916478556,0.13017306245297217,-0.2671181339352897,-0.09857035364936043,-0.10158013544018059,-0.0945007600093848,-0.19789315274642588,-0.003762227238525207,0.12415349887133183,-0.3182844243792325,-0.46275395033860045,0.13017306245297217,0.008568787092449775,-0.28311092824248174
H0_birth_mean,,,,,,,,,,,,,,,,,,,,,,
H0_death_mean,-0.3002257336343115,-0.5371018752943082,-0.23551542513167795,1.0,0.6072234762979684,,1.0,0.027454498950185622,-0.1708051166290444,-0.11361926260346125,0.06395786305492852,0.2746425884123401,0.024830699774266364,0.014921172633060758,-0.14672686230248308,-0.06395786305492852,0.01580135440180587,0.13920240782543267,-0.02784048156508653,-0.27012791572610984,-0.01635859354013139,-0.5371018752943082
H1_count,-0.13081261264500207,0.11024322169672425,0.14211740633037262,0.027454498950185622,-0.055716483163611996,,0.027454498950185622,1.0,-0.25678031371055965,-0.8680466579838101,-0.4901435547871374,-0.08317098211379761,-0.5280953621594529,0.4492430986450862,0.19056652212481784,-0.04683414526796371,-0.24870546107815208,-0.026647013686944866,-0.07913355579759385,-0.17441681686000277,0.9366948099231048,0.11024322169672425
H1_sum_persistence,0.12415349887133183,0.24590206338775555,0.22498118886380739,-0.1708051166290444,0.19187358916478556,,-0.1708051166290444,-0.25678031371055965,1.0,0.6433408577878104,-0.3619262603461249,-0.3017306245297216,0.15575620767494355,-0.020723850879251052,0.24153498871331827,0.2671181339352897,0.04288939051918736,-0.2806621519939804,-0.14823175319789314,0.9112114371708051,-0.13398467090012375,0.24590206338775555
H1_mean_persistence,0.07298720842738901,0.04044441832035453,0.011286681715575621,-0.11361926260346125,0.13017306245297217,,-0.11361926260346125,-0.8680466579838101,0.6433408577878104,1.0,0.11512415349887133,-0.056433408577878104,0.4928517682468021,-0.30173926880189533,-0.030850263355906696,0.14823175319789314,0.2400300978179082,-0.1437170805116629,-0.05342362678705794,0.5425131677953349,-0.7470424383326667,0.04044441832035453
H1_max_persistence,0.36644093303235514,-0.13103991535794868,-0.12415349887133183,0.06395786305492852,-0.2671181339352897,,0.06395786305492852,-0.4901435547871374,-0.3619262603461249,0.11512415349887133,1.0,0.43416102332580886,0.47328818660647104,-0.3697134996858388,-0.28818660647103084,-0.11211437170805116,0.020316027088036117,0.35741158765989467,0.37697516930022573,-0.3935289691497366,-0.5857934448656573,-0.13103991535794868
H1_birth_mean,0.45372460496614,-0.14802657105249759,0.012791572610985704,0.2746425884123401,-0.09857035364936043,,0.2746425884123401,-0.08317098211379761,-0.3017306245297216,-0.056433408577878104,0.43416102332580886,1.0,0.7667419112114372,0.2130411870387008,0.2746425884123401,0.3077501881113619,0.4431903686982694,0.3182844243792325,0.4296463506395786,-0.20692249811888638,-0.08490889027972959,-0.14802657105249759
H1_death_mean,0.5831452219714071,-0.02345776262580563,0.07298720842738901,0.024830699774266364,-0.10158013544018059,,0.024830699774266364,-0.5280953621594529,0.15575620767494355,0.4928517682468021,0.47328818660647104,0.7667419112114372,1.0,-0.09947448422040504,0.23702031602708803,0.39503386004514673,0.5139202407825433,0.18133935289691497,0.3890142964635064,0.17832957110609482,-0.5086743610336094,-0.02345776262580563
H2_count,-0.08704017369285443,0.3132343268195776,0.3780030400375392,0.014921172633060758,-0.0945007600093848,,0.014921172633060758,0.4492430986450862,-0.020723850879251052,-0.30173926880189533,-0.3697134996858388,0.2130411870387008,-0.09947448422040504,1.0,0.45177994916767295,-0.11190879474795568,-0.07709272527081391,0.3523054649472679,0.3307526600328468,0.09035598983353459,0.6921280806409922,0.3132343268195776
H2_sum_persistence,0.4055680963130173,0.5346752101950869,0.5756207674943566,-0.14672686230248308,-0.19789315274642588,,-0.14672686230248308,0.19056652212481784,0.24153498871331827,-0.030850263355906696,-0.28818660647103084,0.2746425884123401,0.23702031602708803,0.45177994916767295,1.0,0.7832957110609481,0.563581640331076,0.06696764484574869,0.3709556057185854,0.5545522949586155,0.3006865288805103,0.5346752101950869
H2_mean_persistence,0.48081264108352145,0.29847980720421646,0.36042136945071485,-0.06395786305492852,-0.003762227238525207,,-0.06395786305492852,-0.04683414526796371,0.2671181339352897,0.14823175319789314,-0.11211437170805116,0.3077501881113619,0.39503386004514673,-0.11190879474795568,0.7832957110609481,1.0,0.7727614747930776,-0.17983446200150488,0.15876598946576373,0.527464258841234,-0.07478214189774349,0.29847980720421646
H2_max_persistence,0.45372460496614,0.2086931985330294,0.2686230248306998,0.01580135440180587,0.12415349887133183,,0.01580135440180587,-0.24870546107815208,0.04288939051918736,0.2400300978179082,0.020316027088036117,0.4431903686982694,0.5139202407825433,-0.07709272527081391,0.563581640331076,0.7727614747930776,1.0,-0.03686982693754703,0.18886380737396538,0.3152746425884123,-0.23291521278568025,0.2086931985330294
H2_birth_mean,0.2626034612490594,-0.05338663218286798,-0.023325808878856283,0.13920240782543267,-0.3182844243792325,,0.13920240782543267,-0.026647013686944866,-0.2806621519939804,-0.1437170805116629,0.35741158765989467,0.3182844243792325,0.18133935289691497,0.3523054649472679,0.06696764484574869,-0.17983446200150488,-0.03686982693754703,1.0,0.9066967644845748,-0.27012791572610984,0.01713757418489955,-0.05338663218286798
H2_death_mean,0.5079006772009029,0.1900887661056663,0.2234762979683973,-0.02784048156508653,-0.46275395033860045,,-0.02784048156508653,-0.07913355579759385,-0.14823175319789314,-0.05342362678705794,0.37697516930022573,0.4296463506395786,0.3890142964635064,0.3307526600328468,0.3709556057185854,0.15876598946576373,0.18886380737396538,0.9066967644845748,1.0,-0.04740406320541761,-0.031159225790726455,0.1900887661056663
H1H2_sum_persistence,0.21745673438675697,0.46996414088251964,0.43115124153498874,-0.27012791572610984,0.13017306245297217,,-0.27012791572610984,-0.17441681686000277,0.9112114371708051,0.5425131677953349,-0.3935289691497366,-0.20692249811888638,0.17832957110609482,0.09035598983353459,0.5545522949586155,0.527464258841234,0.3152746425884123,-0.27012791572610984,-0.04740406320541761,1.0,-0.02336941934304484,0.46996414088251964
H1H2_count,-0.2259043869827668,0.2704847344765555,0.3061393933938874,-0.01635859354013139,0.008568787092449775,,-0.01635859354013139,0.9366948099231048,-0.13398467090012375,-0.7470424383326667,-0.5857934448656573,-0.08490889027972959,-0.5086743610336094,0.6921280806409922,0.3006865288805103,-0.07478214189774349,-0.23291521278568025,0.01713757418489955,-0.031159225790726455,-0.02336941934304484,1.0,0.2704847344765555
n_interface_points,0.11081770619777141,1.0,0.9302216213681542,-0.5371018752943082,-0.28311092824248174,,-0.5371018752943082,0.11024322169672425,0.24590206338775555,0.04044441832035453,-0.13103991535794868,-0.14802657105249759,-0.02345776262580563,0.3132343268195776,0.5346752101950869,0.29847980720421646,0.2086931985330294,-0.05338663218286798,0.1900887661056663,0.46996414088251964,0.2704847344765555,1.0
