H0_count,H0_sum_persistence,H0_mean_persistence,H0_max_persistence,H0_birth_mean,H0_death_mean,H1_count,H1_sum_persistence,H1_mean_persistence,H1_max_persistence,H1_birth_mean,H1_death_mean,H2_count,H2_sum_persistence,H2_mean_persistence,H2_max_persistence,H2_birth_mean,H2_death_mean,H1H2_sum_persistence,H1H2_count,n_mut_chain_points,n_partner_points,n_interface_points,mutation,pdb_file,total_score,complex_normalized,dG_cross,dG_cross/dSASAx100,dG_separated,dG_separated/dSASAx100,dSASA_hphobic,dSASA_int,dSASA_polar,delta_unsatHbonds,dslf_fa13,fa_atr,fa_dun,fa_elec,fa_intra_rep,fa_intra_sol_xover4,fa_rep,fa_sol,hbond_E_fraction,hbond_bb_sc,hbond_lr_bb,hbond_sc,hbond_sr_bb,hbonds_int,lk_ball_wtd,nres_all,nres_int,omega,p_aa_pp,packstat,per_residue_energy_int,pro_close,rama_prepro,ref,sc_value,side1_normalized,side1_score,side2_normalized,side2_score,yhh_planarity,description,score_file
67.0,279.2794680595398,4.16835026954537,5.811034679412842,0.0,4.16835026954537,31.0,26.709864139556885,0.8616085206308672,2.190427780151367,5.743233865307223,6.604842385938091,5.0,1.1127095222473145,0.2225419044494629,0.2758970260620117,8.287004852294922,8.509546756744385,27.8225736618042,36.0,38,30,68,g16_13_relaxed,best_individuals/pdb/g16_13_relaxed.pdb,-614.59,-2.285,-56.252,-2.755,-51.606,-2.527,1091.001,2042.125,951.124,13.0,-2.16,-1291.319,178.803,-336.218,2.243,29.292,138.574,712.563,0.257,-47.298,-67.793,-25.725,-64.593,11.0,-37.227,269.0,64.0,32.467,-57.029,0.609,-2.772,2.187,36.679,181.425,0.617,-2.633,-76.369,-2.887,-101.028,0.54,temp_g16_11_relaxed_0001,best_individuals/sc/g16_13_relaxed.pdb.sc
66.0,277.13855814933777,4.199069062868754,5.967840194702148,0.0,4.199069062868754,31.0,25.801781177520752,0.8323155218555082,2.3370795249938965,5.77939671854819,6.6117122404036985,4.0,0.7050790786743164,0.1762697696685791,0.23276901245117188,7.868858098983765,8.045127868652344,26.50686025619507,35.0,38,29,67,g10_14_relaxed,best_individuals/pdb/g10_14_relaxed.pdb,-612.018,-2.275,-56.616,-2.786,-51.361,-2.527,1097.016,2032.496,935.48,13.0,-1.584,-1296.482,181.929,-337.491,2.218,29.96,140.233,709.794,0.271,-48.435,-66.999,-25.614,-64.037,12.0,-33.93,269.0,64.0,35.979,-60.14,0.645,-2.78,2.114,34.916,185.352,0.604,-2.617,-75.903,-2.915,-102.009,0.201,temp_g10_14_relaxed_0001,best_individuals/sc/g10_14_relaxed.pdb.sc
66.0,277.3273358345032,4.201929330825806,5.954763889312744,0.0,4.201929330825806,31.0,26.119112491607666,0.8425520158583119,2.377303123474121,5.772577839512979,6.615129855371291,4.0,0.4805564880371094,0.12013912200927734,0.1616973876953125,8.448681354522705,8.568820476531982,26.599668979644775,35.0,38,29,67,g13_11_relaxed,best_individuals/pdb/g13_11_relaxed.pdb,-611.311,-2.273,-57.418,-2.858,-52.298,-2.604,1085.212,2008.742,923.53,13.0,-1.685,-1293.161,177.465,-335.177,2.186,29.594,138.824,711.379,0.267,-48.616,-66.738,-25.267,-63.888,12.0,-34.593,269.0,64.0,35.255,-59.628,0.703,-2.739,2.058,35.278,185.08,0.615,-2.647,-76.775,-2.815,-98.526,0.324,temp_g13_10_relaxed_0001,best_individuals/sc/g13_11_relaxed.pdb.sc
65.0,271.7678897380829,4.181044457508968,5.970011234283447,0.0,4.181044457508968,31.0,26.649695873260498,0.8596676088148548,2.271111011505127,5.758558827061807,6.618226435876662,4.0,0.9297952651977539,0.23244881629943848,0.2835807800292969,8.26053249835968,8.492981314659119,27.579491138458252,35.0,38,28,66,g15_6_relaxed,best_individuals/pdb/g15_6_relaxed.pdb,-608.442,-2.262,-57.586,-2.855,-52.631,-2.61,1081.766,2016.865,935.099,17.0,-1.985,-1285.567,179.199,-335.965,2.21,28.819,137.502,713.733,0.269,-49.768,-68.275,-24.658,-63.506,12.0,-37.091,269.0,65.0,31.788,-55.8,0.645,-2.683,2.054,37.901,180.553,0.609,-2.566,-76.995,-2.782,-97.372,0.413,temp_g15_07_relaxed_0001,best_individuals/sc/g15_6_relaxed.pdb.sc
66.0,276.2959270477295,4.186301924965599,6.133059024810791,0.0,4.186301924965599,28.0,26.39248514175415,0.9425887550626483,2.355879306793213,5.850170254707336,6.792759009769985,3.0,0.8942837715148926,0.2980945905049642,0.6770505905151367,7.9658152262369795,8.263909816741943,27.286768913269043,31.0,38,29,67,g14_14_relaxed,best_individuals/pdb/g14_14_relaxed.pdb,-604.83,-2.249,-56.608,-2.922,-50.509,-2.607,972.581,1937.083,964.502,16.0,-1.703,-1291.982,186.377,-340.533,2.236,30.963,145.65,719.869,0.314,-52.431,-66.665,-29.654,-63.519,13.0,-35.481,269.0,63.0,32.102,-56.483,0.695,-2.689,1.334,36.709,178.165,0.6,-2.661,-77.163,-2.714,-92.259,0.218,temp_g12_04_relaxed_0001,best_individuals/sc/g14_14_relaxed.pdb.sc
67.0,279.3311057090759,4.169120980732477,5.7222580909729,0.0,4.169120980732477,30.0,26.63947582244873,0.8879825274149576,2.417290687561035,5.704924217859904,6.5929067452748615,3.0,0.8126096725463867,0.2708698908487956,0.39750003814697266,7.87119706471761,8.142066955566406,27.452085494995117,33.0,38,30,68,g19_14_relaxed,best_individuals/pdb/g19_14_relaxed.pdb,-603.501,-2.244,-55.549,-2.754,-52.608,-2.608,1086.312,2016.879,930.566,19.0,-1.915,-1290.015,181.028,-330.997,2.243,28.969,139.727,705.073,0.272,-48.254,-66.582,-26.392,-63.019,12.0,-35.657,269.0,65.0,35.023,-56.857,0.688,-2.676,1.901,38.35,183.506,0.606,-2.617,-78.507,-2.726,-95.427,0.37,temp_g19_06_relaxed_0001,best_individuals/sc/g19_14_relaxed.pdb.sc
66.0,274.0692546367645,4.152564464193402,5.688747882843018,0.0,4.152564464193402,31.0,26.029858112335205,0.8396728423333937,2.3217577934265137,5.740115904038952,6.579788746372346,4.0,0.5740628242492676,0.1435157060623169,0.24957561492919922,8.402463793754578,8.545979499816895,26.603920936584473,35.0,38,29,67,g18_2_relaxed,best_individuals/pdb/g18_2_relaxed.pdb,-600.351,-2.232,-53.161,-2.742,-49.858,-2.572,1044.336,1938.804,894.469,17.0,-1.924,-1292.76,179.618,-332.402,2.244,29.03,142.427,706.372,0.26,-46.808,-66.739,-24.175,-62.857,10.0,-34.911,269.0,64.0,32.875,-55.325,0.652,-2.65,2.089,39.15,183.506,0.61,-2.703,-78.379,-2.606,-91.214,0.239,temp_g17_01_relaxed_0001,best_individuals/sc/g18_2_relaxed.pdb.sc
66.0,274.0692546367645,4.152564464193402,5.688747882843018,0.0,4.152564464193402,31.0,26.029858112335205,0.8396728423333937,2.3217577934265137,5.740115904038952,6.579788746372346,4.0,0.5740628242492676,0.1435157060623169,0.24957561492919922,8.402463793754578,8.545979499816895,26.603920936584473,35.0,38,29,67,g17_3_relaxed,best_individuals/pdb/g17_3_relaxed.pdb,-600.351,-2.232,-53.161,-2.742,-49.858,-2.572,1044.336,1938.804,894.469,17.0,-1.924,-1292.76,179.618,-332.402,2.244,29.03,142.427,706.372,0.26,-46.808,-66.739,-24.175,-62.857,10.0,-34.911,269.0,64.0,32.875,-55.325,0.652,-2.65,2.089,39.15,183.506,0.61,-2.703,-78.379,-2.606,-91.214,0.239,temp_g17_01_relaxed_0001,best_individuals/sc/g17_3_relaxed.pdb.sc
66.0,274.6193218231201,4.16089881550182,5.628523349761963,0.0,4.16089881550182,26.0,24.367929458618164,0.9372280561006986,2.8529109954833984,5.916373564646794,6.853601620747493,4.0,0.6945362091064453,0.17363405227661133,0.28725337982177734,9.133315324783325,9.306949377059937,25.06246566772461,30.0,38,29,67,g5_12_relaxed,best_individuals/pdb/g5_12_relaxed.pdb,-599.897,-2.23,-47.711,-2.645,-43.263,-2.398,879.573,1803.884,924.311,16.0,-1.927,-1299.937,187.013,-334.67,2.345,29.977,147.775,717.976,0.33,-47.003,-66.456,-27.628,-62.14,11.0,-33.913,269.0,58.0,36.168,-59.889,0.708,-2.727,1.388,32.019,178.586,0.592,-2.687,-75.246,-2.763,-82.893,0.42,temp_g4_02_relaxed_0001,best_individuals/sc/g5_12_relaxed.pdb.sc
67.0,279.773460149765,4.175723285817388,5.693316459655762,0.0,4.175723285817388,30.0,26.84227705001831,0.8947425683339437,2.2214913368225098,5.7190198262532554,6.613762394587199,4.0,1.1274962425231934,0.28187406063079834,0.4810676574707031,8.45011043548584,8.731984496116638,27.969773292541504,34.0,38,30,68,g4_10_relaxed,best_individuals/pdb/g4_10_relaxed.pdb,-598.291,-2.224,-51.029,-2.541,-47.221,-2.351,1011.735,2008.32,996.586,18.0,-1.906,-1301.8,186.526,-329.933,2.276,30.629,143.386,713.839,0.264,-46.942,-64.812,-24.621,-63.081,11.0,-37.071,269.0,67.0,35.406,-55.994,0.675,-2.618,1.829,34.124,179.646,0.607,-2.494,-74.81,-2.719,-100.587,0.207,temp_g3_10_relaxed_0001,best_individuals/sc/g4_10_relaxed.pdb.sc
66.0,274.3234181404114,4.156415426369869,5.877190589904785,0.0,4.156415426369869,29.0,26.96121597290039,0.9296971025138066,2.3846259117126465,5.726958866777091,6.656655969290898,3.0,0.4862685203552246,0.16208950678507486,0.26772165298461914,8.471506595611572,8.633596102396647,27.447484493255615,32.0,38,29,67,g12_2_relaxed,best_individuals/pdb/g12_2_relaxed.pdb,-598.063,-2.224,-53.897,-2.731,-50.462,-2.557,1024.642,1973.504,948.862,15.0,-1.653,-1287.379,177.362,-327.571,2.223,28.603,144.243,703.356,0.253,-45.727,-65.746,-25.302,-64.344,10.0,-34.422,269.0,65.0,34.805,-59.166,0.682,-2.694,1.755,35.473,185.112,0.594,-2.608,-78.238,-2.768,-96.895,0.315,temp_g12_11_relaxed_0001,best_individuals/sc/g12_2_relaxed.pdb.sc
66.0,273.71156883239746,4.147144982309053,5.682514667510986,0.0,4.147144982309053,30.0,26.536165714263916,0.8845388571421305,2.426884174346924,5.740033340454102,6.624572197596232,2.0,0.21357011795043945,0.10678505897521973,0.11800432205200195,7.863485097885132,7.970270156860352,26.749735832214355,32.0,38,29,67,g11_11_relaxed,best_individuals/pdb/g11_11_relaxed.pdb,-597.436,-2.221,-52.611,-2.736,-49.619,-2.58,1040.465,1923.155,882.69,18.0,-1.354,-1283.422,176.876,-329.066,2.188,28.46,141.489,708.191,0.246,-45.105,-66.671,-25.442,-64.015,9.0,-34.588,269.0,63.0,35.57,-60.14,0.574,-2.688,1.879,34.282,183.16,0.602,-2.657,-77.061,-2.715,-92.301,0.272,temp_g11_06_relaxed_0001,best_individuals/sc/g11_11_relaxed.pdb.sc
66.0,275.19487380981445,4.169619300148704,5.691773414611816,0.0,4.169619300148704,32.0,25.645761966705322,0.8014300614595413,2.2218360900878906,5.838217303156853,6.639647364616394,5.0,0.9192996025085449,0.183859920501709,0.4642610549926758,8.327842903137206,8.511702823638917,26.565061569213867,37.0,38,29,67,g1_1_relaxed,best_individuals/pdb/g1_1_relaxed.pdb,-595.044,-2.213,-47.113,-2.375,-43.922,-2.214,991.98,1983.412,991.432,21.0,-1.669,-1300.494,188.923,-340.316,2.328,31.211,143.435,728.547,0.277,-46.979,-65.275,-25.268,-62.805,12.0,-34.784,269.0,68.0,33.329,-58.259,0.659,-2.638,1.923,35.052,175.772,0.565,-2.273,-70.449,-2.944,-108.934,0.285,g0_13_relaxed_0001,best_individuals/sc/g1_1_relaxed.pdb.sc
67.0,279.9865348339081,4.178903504983703,5.785820484161377,0.0,4.178903504983703,31.0,25.951435565948486,0.8371430827725318,2.6203203201293945,5.942184632824313,6.779327715596845,4.0,0.8997063636779785,0.22492659091949463,0.44094276428222656,8.64091432094574,8.865840911865234,26.851141929626465,35.0,38,30,68,g2_13_relaxed,best_individuals/pdb/g2_13_relaxed.pdb,-594.678,-2.211,-51.184,-2.543,-44.923,-2.232,996.732,2012.428,1015.696,12.0,-1.602,-1293.674,188.815,-337.318,2.339,31.051,142.739,714.403,0.31,-47.26,-68.129,-26.382,-61.897,12.0,-34.313,269.0,64.0,34.181,-56.819,0.684,-2.663,1.671,38.131,179.195,0.559,-2.477,-74.311,-2.828,-96.143,0.191,temp_g2_10_relaxed_0001,best_individuals/sc/g2_13_relaxed.pdb.sc
65.0,271.08597803115845,4.170553508171668,6.070180892944336,0.0,4.170553508171668,27.0,26.96131992340088,0.9985674045704029,2.3749122619628906,5.831100234278926,6.829667638849329,2.0,0.6262679100036621,0.31313395500183105,0.5749063491821289,7.724592447280884,8.037726402282715,27.58758783340454,29.0,38,28,66,g7_10_relaxed,best_individuals/pdb/g7_10_relaxed.pdb,-594.058,-2.208,-54.262,-2.824,-48.565,-2.527,983.875,1921.641,937.767,14.0,-1.475,-1294.186,183.277,-341.208,2.248,30.164,149.217,711.735,0.316,-48.812,-64.631,-26.58,-62.918,12.0,-34.51,269.0,60.0,32.65,-57.674,0.674,-2.759,1.58,41.881,184.952,0.511,-2.722,-76.22,-2.792,-89.342,0.233,temp_g7_14_relaxed_0001,best_individuals/sc/g7_10_relaxed.pdb.sc
68.0,281.3763515949249,4.137887523454778,5.687363624572754,0.0,4.137887523454778,31.0,27.145999908447266,0.8756774164015247,2.3144102096557617,5.809932231903076,6.685609648304601,4.0,1.3206291198730469,0.3301572799682617,0.38964176177978516,8.270543575286865,8.600700855255127,28.466629028320312,35.0,38,31,69,g8_8_relaxed,best_individuals/pdb/g8_8_relaxed.pdb,-592.259,-2.202,-52.8,-2.646,-50.509,-2.531,1020.41,1995.31,974.9,17.0,-1.977,-1305.081,184.962,-331.586,2.299,30.655,146.467,723.7,0.22,-44.153,-64.321,-25.83,-62.842,10.0,-36.448,269.0,66.0,32.063,-56.056,0.624,-2.688,2.24,35.087,178.359,0.654,-2.566,-74.424,-2.783,-102.972,0.203,temp_g7_12_relaxed_0001,best_individuals/sc/g8_8_relaxed.pdb.sc
68.0,280.3176028728485,4.122317689306596,5.6885762214660645,0.0,4.122317689306596,30.0,25.675418853759766,0.8558472951253255,2.5680432319641113,5.82018338839213,6.676030683517456,4.0,1.222032070159912,0.305508017539978,0.5342683792114258,8.364278316497803,8.66978633403778,26.897450923919678,34.0,38,31,69,g6_13_relaxed,best_individuals/pdb/g6_13_relaxed.pdb,-591.189,-2.198,-51.294,-2.511,-49.659,-2.431,1036.04,2042.943,1006.903,16.0,-1.749,-1297.791,178.552,-324.895,2.219,30.219,144.066,723.873,0.206,-45.456,-65.981,-25.976,-63.44,9.0,-36.606,269.0,65.0,29.665,-56.513,0.682,-2.706,1.967,36.607,179.777,0.638,-2.527,-73.279,-2.85,-102.599,0.272,temp_g5_14_relaxed_0001,best_individuals/sc/g6_13_relaxed.pdb.sc
68.0,281.34353470802307,4.13740492217681,5.684734344482422,0.0,4.13740492217681,31.0,27.055930614471436,0.8727719553055302,2.3214893341064453,5.815881790653352,6.688653745958882,4.0,1.4196186065673828,0.3549046516418457,0.43590450286865234,8.254935383796692,8.609840035438538,28.47554922103882,35.0,38,31,69,g9_4_relaxed,best_individuals/pdb/g9_4_relaxed.pdb,-590.24,-2.195,-52.462,-2.638,-50.587,-2.544,1013.832,1988.652,974.819,17.0,-1.971,-1305.53,185.372,-331.852,2.313,30.619,147.769,720.51,0.219,-44.386,-64.396,-25.041,-63.118,11.0,-36.75,269.0,66.0,33.062,-55.303,0.663,-2.691,2.274,36.131,179.849,0.66,-2.584,-74.922,-2.775,-102.688,0.205,temp_g9_08_relaxed_0001,best_individuals/sc/g9_4_relaxed.pdb.sc
66.0,276.075129032135,4.1829565004868945,5.690857887268066,0.0,4.1829565004868945,28.0,27.3002872467041,0.9750102588108608,2.4860596656799316,5.870329873902457,6.845340132713318,5.0,1.010932445526123,0.2021864891052246,0.3458108901977539,8.763762950897217,8.965949440002442,28.311219692230225,33.0,38,29,67,g3_15_relaxed,best_individuals/pdb/g3_15_relaxed.pdb,-590.093,-2.194,-45.449,-2.431,-43.051,-2.302,959.327,1869.742,910.415,18.0,-2.037,-1304.627,193.307,-336.017,2.313,31.392,145.15,730.052,0.277,-49.82,-66.584,-30.047,-61.686,9.0,-35.73,269.0,61.0,37.234,-55.006,0.713,-2.661,1.364,36.013,174.049,0.567,-2.671,-74.784,-2.652,-87.51,0.589,temp_g1_04_relaxed_0001,best_individuals/sc/g3_15_relaxed.pdb.sc
64.0,268.46373105049133,4.194745797663927,5.685765266418457,0.0,4.194745797663927,31.0,24.18498468399048,0.7801607962577574,2.547269344329834,5.869049933648879,6.649210729906636,3.0,0.9856524467468262,0.3285508155822754,0.4202446937561035,8.945897261301676,9.274448076883951,25.170637130737305,34.0,38,27,65,g0_00_relaxed,best_individuals/pdb/g0_00_relaxed.pdb,-588.459,-2.188,-44.284,-2.317,-39.178,-2.05,913.397,1911.539,998.142,18.0,-2.252,-1305.021,191.852,-339.495,2.323,31.242,143.128,732.379,0.341,-47.473,-66.057,-26.354,-61.421,12.0,-33.913,269.0,62.0,36.352,-57.254,0.669,-2.664,2.014,36.483,174.685,0.591,-2.4,-69.588,-2.896,-95.579,0.323,g0_00_relaxed_0001,best_individuals/sc/g0_00_relaxed.pdb.sc
