mutation,PC1,PC2,cluster_kmeans,H0_count,H0_sum_persistence,H0_mean_persistence,H0_max_persistence,H0_birth_mean,H0_death_mean,H1_count,H1_sum_persistence,H1_mean_persistence,H1_max_persistence,H1_birth_mean,H1_death_mean,H2_count,H2_sum_persistence,H2_mean_persistence,H2_max_persistence,H2_birth_mean,H2_death_mean,H1H2_sum_persistence,H1H2_count,n_interface_points
g16_13_relaxed,2.542399247431901,-1.3377076812463058,1,67.0,279.2794680595398,4.16835026954537,5.811034679412842,0.0,4.16835026954537,31.0,26.709864139556885,0.8616085206308672,2.190427780151367,5.743233865307223,6.604842385938091,5.0,1.1127095222473145,0.2225419044494629,0.2758970260620117,8.287004852294922,8.509546756744385,27.8225736618042,36.0,68
g10_14_relaxed,-0.6764474488826617,-2.8303666878765483,1,66.0,277.13855814933777,4.199069062868754,5.967840194702148,0.0,4.199069062868754,31.0,25.801781177520752,0.8323155218555082,2.3370795249938965,5.77939671854819,6.6117122404036985,4.0,0.7050790786743164,0.1762697696685791,0.23276901245117188,7.868858098983765,8.045127868652344,26.50686025619507,35.0,67
g13_11_relaxed,-1.3111813895092286,-2.719680460875548,1,66.0,277.3273358345032,4.201929330825806,5.954763889312744,0.0,4.201929330825806,31.0,26.119112491607666,0.8425520158583119,2.377303123474121,5.772577839512979,6.615129855371291,4.0,0.4805564880371094,0.12013912200927734,0.1616973876953125,8.448681354522705,8.568820476531982,26.599668979644775,35.0,67
g15_6_relaxed,-0.7845192667917649,-2.135325192050432,1,65.0,271.7678897380829,4.181044457508968,5.970011234283447,0.0,4.181044457508968,31.0,26.649695873260498,0.8596676088148548,2.271111011505127,5.758558827061807,6.618226435876662,4.0,0.9297952651977539,0.23244881629943848,0.2835807800292969,8.26053249835968,8.492981314659119,27.579491138458252,35.0,66
g14_14_relaxed,-1.4020707999560669,1.9942940800273556,2,66.0,276.2959270477295,4.186301924965599,6.133059024810791,0.0,4.186301924965599,28.0,26.39248514175415,0.9425887550626483,2.355879306793213,5.850170254707336,6.792759009769985,3.0,0.8942837715148926,0.2980945905049642,0.6770505905151367,7.9658152262369795,8.263909816741943,27.286768913269043,31.0,67
g19_14_relaxed,1.4983843450086243,-0.5264675956667548,1,67.0,279.3311057090759,4.169120980732477,5.7222580909729,0.0,4.169120980732477,30.0,26.63947582244873,0.8879825274149576,2.417290687561035,5.704924217859904,6.5929067452748615,3.0,0.8126096725463867,0.2708698908487956,0.39750003814697266,7.87119706471761,8.142066955566406,27.452085494995117,33.0,68
g18_2_relaxed,0.08630304747037482,-2.147545286307599,1,66.0,274.0692546367645,4.152564464193402,5.688747882843018,0.0,4.152564464193402,31.0,26.029858112335205,0.8396728423333937,2.3217577934265137,5.740115904038952,6.579788746372346,4.0,0.5740628242492676,0.1435157060623169,0.24957561492919922,8.402463793754578,8.545979499816895,26.603920936584473,35.0,67
g17_3_relaxed,0.08630304747037482,-2.1475452863076,1,66.0,274.0692546367645,4.152564464193402,5.688747882843018,0.0,4.152564464193402,31.0,26.029858112335205,0.8396728423333937,2.3217577934265137,5.740115904038952,6.579788746372346,4.0,0.5740628242492676,0.1435157060623169,0.24957561492919922,8.402463793754578,8.545979499816895,26.603920936584473,35.0,67
g5_12_relaxed,-4.275389315111899,4.01730440183454,2,66.0,274.6193218231201,4.16089881550182,5.628523349761963,0.0,4.16089881550182,26.0,24.367929458618164,0.9372280561006986,2.8529109954833984,5.916373564646794,6.853601620747493,4.0,0.6945362091064453,0.17363405227661133,0.28725337982177734,9.133315324783325,9.306949377059937,25.06246566772461,30.0,67
g4_10_relaxed,2.087129794042787,0.14892378208738266,1,67.0,279.773460149765,4.175723285817388,5.693316459655762,0.0,4.175723285817388,30.0,26.84227705001831,0.8947425683339437,2.2214913368225098,5.7190198262532554,6.613762394587199,4.0,1.1274962425231934,0.28187406063079834,0.4810676574707031,8.45011043548584,8.731984496116638,27.969773292541504,34.0,68
g12_2_relaxed,-0.745436934244089,-0.35407467155147837,1,66.0,274.3234181404114,4.156415426369869,5.877190589904785,0.0,4.156415426369869,29.0,26.96121597290039,0.9296971025138066,2.3846259117126465,5.726958866777091,6.656655969290898,3.0,0.4862685203552246,0.16208950678507486,0.26772165298461914,8.471506595611572,8.633596102396647,27.447484493255615,32.0,67
g11_11_relaxed,-0.8088984386708996,-1.9963403825517554,1,66.0,273.71156883239746,4.147144982309053,5.682514667510986,0.0,4.147144982309053,30.0,26.536165714263916,0.8845388571421305,2.426884174346924,5.740033340454102,6.624572197596232,2.0,0.21357011795043945,0.10678505897521973,0.11800432205200195,7.863485097885132,7.970270156860352,26.749735832214355,32.0,67
g1_1_relaxed,0.5468930500332592,-1.6906989907628984,1,66.0,275.19487380981445,4.169619300148704,5.691773414611816,0.0,4.169619300148704,32.0,25.645761966705322,0.8014300614595413,2.2218360900878906,5.838217303156853,6.639647364616394,5.0,0.9192996025085449,0.183859920501709,0.4642610549926758,8.327842903137206,8.511702823638917,26.565061569213867,37.0,67
g2_13_relaxed,-0.14081638784430056,1.6202719672634063,2,67.0,279.9865348339081,4.178903504983703,5.785820484161377,0.0,4.178903504983703,31.0,25.951435565948486,0.8371430827725318,2.6203203201293945,5.942184632824313,6.779327715596845,4.0,0.8997063636779785,0.22492659091949463,0.44094276428222656,8.64091432094574,8.865840911865234,26.851141929626465,35.0,68
g7_10_relaxed,-2.714832784457026,2.1112917125628217,2,65.0,271.08597803115845,4.170553508171668,6.070180892944336,0.0,4.170553508171668,27.0,26.96131992340088,0.9985674045704029,2.3749122619628906,5.831100234278926,6.829667638849329,2.0,0.6262679100036621,0.31313395500183105,0.5749063491821289,7.724592447280884,8.037726402282715,27.58758783340454,29.0,66
g8_8_relaxed,4.227725996138891,1.5546653221688551,0,68.0,281.3763515949249,4.137887523454778,5.687363624572754,0.0,4.137887523454778,31.0,27.145999908447266,0.8756774164015247,2.3144102096557617,5.809932231903076,6.685609648304601,4.0,1.3206291198730469,0.3301572799682617,0.38964176177978516,8.270543575286865,8.600700855255127,28.466629028320312,35.0,69
g6_13_relaxed,2.8130565500930294,2.562398661947579,0,68.0,280.3176028728485,4.122317689306596,5.6885762214660645,0.0,4.122317689306596,30.0,25.675418853759766,0.8558472951253255,2.5680432319641113,5.82018338839213,6.676030683517456,4.0,1.222032070159912,0.305508017539978,0.5342683792114258,8.364278316497803,8.66978633403778,26.897450923919678,34.0,69
g9_4_relaxed,4.334383340377153,1.8612605119670658,0,68.0,281.34353470802307,4.13740492217681,5.684734344482422,0.0,4.13740492217681,31.0,27.055930614471436,0.8727719553055302,2.3214893341064453,5.815881790653352,6.688653745958882,4.0,1.4196186065673828,0.3549046516418457,0.43590450286865234,8.254935383796692,8.609840035438538,28.47554922103882,35.0,69
g3_15_relaxed,-0.7975595795291321,2.501152509680762,2,66.0,276.075129032135,4.1829565004868945,5.690857887268066,0.0,4.1829565004868945,28.0,27.3002872467041,0.9750102588108608,2.4860596656799316,5.870329873902457,6.845340132713318,5.0,1.010932445526123,0.2021864891052246,0.3458108901977539,8.763762950897217,8.965949440002442,28.311219692230225,33.0,67
g0_00_relaxed,-4.565426073069325,-0.4858107143428484,2,64.0,268.46373105049133,4.194745797663927,5.685765266418457,0.0,4.194745797663927,31.0,24.18498468399048,0.7801607962577574,2.547269344329834,5.869049933648879,6.649210729906636,3.0,0.9856524467468262,0.3285508155822754,0.4202446937561035,8.945897261301676,9.274448076883951,25.170637130737305,34.0,65
