,g16_13_relaxed,g10_14_relaxed,g13_11_relaxed,g15_6_relaxed,g14_14_relaxed,g19_14_relaxed,g18_2_relaxed,g17_3_relaxed,g5_12_relaxed,g4_10_relaxed,g12_2_relaxed,g11_11_relaxed,g1_1_relaxed,g2_13_relaxed,g7_10_relaxed,g8_8_relaxed,g6_13_relaxed,g9_4_relaxed,g3_15_relaxed,g0_00_relaxed
g16_13_relaxed,0.0,0.6707352310475594,0.6244124002293929,0.3492668493618117,1.0717447296563998,0.4712544645871157,0.7589893254452563,0.7589893254452563,0.8922505154203402,1.0542686783960789,0.6283203433705175,0.7055322462963174,1.2094625533754741,1.1559897478078751,0.8958295450840718,1.0801914006581756,1.0030006506845406,1.1374592470303395,1.2698949893880167,1.131581267696319
g10_14_relaxed,0.6707352310475594,0.0,0.36347886563572185,0.6174987590001209,0.9788951230059536,0.4159247430631677,0.5733814119695196,0.5733814119695196,0.8376007277424818,0.8549596759563018,0.4979720518729108,0.5255540635496574,0.6907702245788025,1.076972166759885,0.8153894967999247,1.0383634923396199,1.1304817585306586,1.0713910712396482,1.2134033853564021,1.0767040551646376
g13_11_relaxed,0.6244124002293929,0.36347886563572185,0.0,0.6384308842641631,0.7780627150355222,0.3692629598163715,0.4083534644389659,0.4083534644389659,0.7541281764437073,0.8192420543323914,0.21439392081238373,0.314252316864495,0.811257554713912,0.8515997107918474,0.6012840825452175,0.8863022498596868,0.8855198280557594,0.9395081477570759,1.028053741700449,1.0367662804220328
g15_6_relaxed,0.3492668493618117,0.6174987590001209,0.6384308842641631,0.0,1.1675048370771364,0.6077547382212675,0.706128959584904,0.706128959584904,0.883795452402638,0.9245312159616157,0.7367603585421274,0.6645446446780775,0.9435701758101678,1.2936530079698725,1.0270165592389104,1.0302576065400713,1.1905390433684315,1.1233083709644645,1.2691889898643336,1.0354440157211666
g14_14_relaxed,1.0717447296563998,0.9788951230059536,0.7780627150355222,1.1675048370771364,0.0,0.8200086337364388,0.7821579660539977,0.7821579660539977,0.9896073418562782,0.9396338731365177,0.7953578186461107,0.6485208878498973,0.8859544633650267,0.6046927490836429,0.215647519756558,1.1286311705156225,0.695174704825787,1.2105690990163518,1.0846673510441331,1.3293156481310613
g19_14_relaxed,0.4712544645871157,0.4159247430631677,0.3692629598163715,0.6077547382212675,0.8200086337364388,0.0,0.5777537243672277,0.5777537243672277,0.7864594193515587,0.640727017020051,0.44732456122987985,0.49067886855742177,0.8026552468679822,0.9860458542769209,0.7334020031399796,0.97177355144324,0.9003742183532761,1.0240522017238038,1.1062406446074617,0.9226328937534591
g18_2_relaxed,0.7589893254452563,0.5733814119695196,0.4083534644389659,0.706128959584904,0.7821579660539977,0.5777537243672277,0.0,0.0,0.8748045727153325,0.7988582639435735,0.4171677210150612,0.39248523695631027,0.6695413554691579,0.6933878177139692,0.6191454866465667,0.5960225443366219,0.8841836246238574,0.6556661130247294,1.0822572264522532,0.9422902319979883
g17_3_relaxed,0.7589893254452563,0.5733814119695196,0.4083534644389659,0.706128959584904,0.7821579660539977,0.5777537243672277,0.0,0.0,0.8748045727153325,0.7988582639435735,0.4171677210150612,0.39248523695631027,0.6695413554691579,0.6933878177139692,0.6191454866465667,0.5960225443366219,0.8841836246238574,0.6556661130247294,1.0822572264522532,0.9422902319979883
g5_12_relaxed,0.8922505154203402,0.8376007277424818,0.7541281764437073,0.883795452402638,0.9896073418562782,0.7864594193515587,0.8748045727153325,0.8748045727153325,0.0,1.0567337545993287,0.7521371615548352,0.5602845427723467,1.0244725570058433,1.0279594586415484,0.8091043097730517,1.3770335439872539,1.0971118933072503,1.4189471099087692,0.8814869572579962,1.0995935214314347
g4_10_relaxed,1.0542686783960789,0.8549596759563018,0.8192420543323914,0.9245312159616157,0.9396338731365177,0.640727017020051,0.7988582639435735,0.7988582639435735,1.0567337545993287,0.0,0.8486488231154664,0.7899861272903446,0.8449587579375466,1.0616845414068181,0.9558894883869224,0.9913165470417029,1.308903730100818,1.0550916648296693,1.3321285341357636,1.1808729770925914
g12_2_relaxed,0.6283203433705175,0.4979720518729108,0.21439392081238373,0.7367603585421274,0.7953578186461107,0.44732456122987985,0.4171677210150612,0.4171677210150612,0.7521371615548352,0.8486488231154664,0.0,0.3036898076339,0.883999623720189,0.8621422787078602,0.6168595507481796,0.793264777352217,0.8185232247260605,0.8377432689421009,1.0300774795062353,1.0408052972085275
g11_11_relaxed,0.7055322462963174,0.5255540635496574,0.314252316864495,0.6645446446780775,0.6485208878498973,0.49067886855742177,0.39248523695631027,0.39248523695631027,0.5602845427723467,0.7899861272903446,0.3036898076339,0.0,0.8010598615374619,0.6654415572498699,0.45972827060867805,0.9232273838809215,0.7675249463922257,0.9810064925457581,0.7643237642609882,0.8479784076493644
g1_1_relaxed,1.2094625533754741,0.6907702245788025,0.811257554713912,0.9435701758101678,0.8859544633650267,0.8026552468679822,0.6695413554691579,0.6695413554691579,1.0244725570058433,0.8449587579375466,0.883999623720189,0.8010598615374619,0.0,1.0053873024720843,0.7584631608611996,0.8596908451761132,1.12234606367239,0.8869149434472734,1.3124013076850385,1.0575352202585155
g2_13_relaxed,1.1559897478078751,1.076972166759885,0.8515997107918474,1.2936530079698725,0.6046927490836429,0.9860458542769209,0.6933878177139692,0.6933878177139692,1.0279594586415484,1.0616845414068181,0.8621422787078602,0.6654415572498699,1.0053873024720843,0.0,0.47055179496134003,1.0710532420594556,0.8700959067958495,1.1350936417974928,1.0836428042843276,1.1237517514645652
g7_10_relaxed,0.8958295450840718,0.8153894967999247,0.6012840825452175,1.0270165592389104,0.215647519756558,0.7334020031399796,0.6191454866465667,0.6191454866465667,0.8091043097730517,0.9558894883869224,0.6168595507481796,0.45972827060867805,0.7584631608611996,0.47055179496134003,0.0,0.9609114379741024,0.4906229003479,1.0388100827231623,0.8943961489960646,1.1397998149909148
g8_8_relaxed,1.0801914006581756,1.0383634923396199,0.8863022498596868,1.0302576065400713,1.1286311705156225,0.97177355144324,0.5960225443366219,0.5960225443366219,1.3770335439872539,0.9913165470417029,0.793264777352217,0.9232273838809215,0.8596908451761132,1.0710532420594556,0.9609114379741024,0.0,0.6653908542538745,0.13532137837120442,1.3600632603451386,0.9644706831201344
g6_13_relaxed,1.0030006506845406,1.1304817585306586,0.8855198280557594,1.1905390433684315,0.695174704825787,0.9003742183532761,0.8841836246238574,0.8841836246238574,1.0971118933072503,1.308903730100818,0.8185232247260605,0.7675249463922257,1.12234606367239,0.8700959067958495,0.4906229003479,0.6653908542538745,0.0,0.7500303621449118,1.0252163103644993,1.058911446137398
g9_4_relaxed,1.1374592470303395,1.0713910712396482,0.9395081477570759,1.1233083709644645,1.2105690990163518,1.0240522017238038,0.6556661130247294,0.6556661130247294,1.4189471099087692,1.0550916648296693,0.8377432689421009,0.9810064925457581,0.8869149434472734,1.1350936417974928,1.0388100827231623,0.13532137837120442,0.7500303621449118,0.0,1.382616957870853,1.0014879205110725
g3_15_relaxed,1.2698949893880167,1.2134033853564021,1.028053741700449,1.2691889898643336,1.0846673510441331,1.1062406446074617,1.0822572264522532,1.0822572264522532,0.8814869572579962,1.3321285341357636,1.0300774795062353,0.7643237642609882,1.3124013076850385,1.0836428042843276,0.8943961489960646,1.3600632603451386,1.0252163103644993,1.382616957870853,0.0,0.8532743855891703
g0_00_relaxed,1.131581267696319,1.0767040551646376,1.0367662804220328,1.0354440157211666,1.3293156481310613,0.9226328937534591,0.9422902319979883,0.9422902319979883,1.0995935214314347,1.1808729770925914,1.0408052972085275,0.8479784076493644,1.0575352202585155,1.1237517514645652,1.1397998149909148,0.9644706831201344,1.058911446137398,1.0014879205110725,0.8532743855891703,0.0
